<?xml version="1.0" encoding="UTF-8"?>
<!DOCTYPE mapper PUBLIC "-//mybatis.org//DTD Mapper 3.0//EN" "http://mybatis.org/dtd/mybatis-3-mapper.dtd">
<mapper namespace="com.activillage.user.book.dao.BookDao">
	<sql id="bookManagerCommon">
		SELECT b_no, u_email, p_no, u_name, p_name, g_name, b_bday,
		b_pday,
		b_cday, b_tprice,b_tamount
		FROM act_book
		<where>
			<if test="search=='u_name'">
				<![CDATA[ u_name LIKE '%'|| #{keyword} ||'%' ]]>
			</if>
			<if test="search=='g_name'">
				<![CDATA[ g_name LIKE '%'|| #{keyword} ||'%' ]]>
			</if>
			<if test="search=='p_name'">
				<![CDATA[ p_name LIKE '%'|| #{keyword} ||'%']]>
			</if>
		</where>
	</sql>

	<select id="managerBookList" parameterType="book"
		resultType="book">
		SELECT b_no, u_email,p_no, u_name, p_name, g_name,
		to_char(b_bday,'YYYY-MM-DD') as b_bday,
		to_char(b_pday,'YYYY-MM-DD') as
		b_pday,
		to_char(b_cday,'YYYY-MM-DD') as b_cday,
		b_tprice,b_tamount
		FROM
		(
		SELECT
		list.*, ROWNUM AS RNUM
		FROM (
		<include refid="bookManagerCommon"></include>
		<choose>
			<when test="order_by=='b_bday'">
				ORDER BY b_bday
			</when>
		</choose>
		<choose>
			<when test="order_sc=='ASC'">
				ASC
			</when>
			<when test="order_sc=='DESC'">
				DESC
			</when>
		</choose>
		) list
		)
		<where>
			<if test="start_row != null and start_row != ''">
				<if test="end_row != null and end_row != ''">
					RNUM BETWEEN #{start_row} AND #{end_row}
				</if>
			</if>
		</where>
	</select>

	<select id="managerBookListCnt" parameterType="book"
		resultType="int">
		SELECT NVL(count(1), 0) FROM
		( SELECT list.*,
		ROWNUM AS RNUM
		FROM (
		<include refid="bookManagerCommon"></include>
		ORDER BY b_bday desc
		) list
		)
	</select>

	<!-- 사용자 탈퇴를 위한 예약자 확인 -->
	<select id="userBookConfirm" parameterType="String"
		resultType="book">

		<![CDATA[select * from act_book
		where u_email=#{u_email}
		and b_cday = '9999-09-09'
         and to_char(b_bday, 'YYYY-MM-DD') > to_char(sysdate, 'YYYY-MM-DD')]]>

	</select>


	<!-- 2018-12-13 추가 - 김정휘 -->
	<!-- 카드결제 -->
	<insert id="cardPay" parameterType="book">
		<selectKey keyProperty="b_no" resultType="int"
			order="BEFORE">
			select act_book_seq.nextval from dual
		</selectKey>

		insert into act_book(
		b_no,
		u_email,
		p_no,
		u_name,
		p_name,
		g_name,
		b_bday,
		b_cday,
		b_tprice,
		b_tamount
		)values(
		#{b_no},
		#{u_email},
		#{p_no},
		#{u_name},
		#{p_name},
		#{g_name},
		#{b_bday},
		'9999-09-09',
		#{b_tprice},
		#{b_tamount}
		)

	</insert>

	<!-- 예약 수 계산 -->
	<select id="bookCount" parameterType="book" resultType="book">
		select
		nvl(sum(b_tamount), 0) as book_count from act_book
		where p_no= #{p_no}
		and b_bday= #{b_bday} and b_cday='9999-09-09'
	</select>

	<!-- 2018-12-21 추가 - 김정휘 -->
	<!-- 상품명으로 예약자 체크 -->
	<select id="bookCheck" parameterType="String" resultType="book">
		select
		* from act_book where g_name = #{g_name}
	</select>

	<!-- 패키지 명으로 예약자 체크 -->
	<select id="bookCheck2" parameterType="int" resultType="book">
		select *
		from act_book where p_no = #{p_no}
	</select>

	<!-- 12.28 리뷰관련 -->
	<select id="goReviewWrite" parameterType="book"
		resultType="book">

		<![CDATA[select * from act_book
		where u_email=#{u_email}
		and g_name=#{g_name}
		and b_cday = '9999-09-09'
        and to_char(b_bday, 'YYYY-MM-DD') < to_char(sysdate, 'YYYY-MM-DD')]]>

	</select>
	<!-- 사용자 예약목록 -->
	<select id="userReservationList" parameterType="book"
		resultType="book">
		select b_no, to_char(b_bday, 'YYYY-MM-DD') as b_bday, g_name, p_name,
		to_char(b_pday,'YYYY-MM-DD') as b_pday,
		to_char(b_cday,'YYYY-MM-DD') as b_cday,
		b_tamount, b_tprice, u_email
		from ( select list.*, ROWNUM as
		RNUM from (
		select * from act_book
		where u_email = #{u_email}
		<choose>
			<when test="order_by=='b_bday'">
				order by b_bday
			</when>
		</choose>
		<choose>
			<when test="order_sc=='ASC'">
				ASC
			</when>
			<when test="order_sc=='DESC'">
				DESC
			</when>
		</choose>
		)list
		)
		<where>
			<if test="start_row != null and start_row != ''">
				<if test="end_row != null and end_row != ''">
					RNUM BETWEEN #{start_row} AND #{end_row}
				</if>
			</if>
		</where>
	</select>

	<!-- 사용자 예약 갯수 12월 25일 추가하였음 -->
	<select id="userReservationCnt" parameterType="book"
		resultType="int">
		select NVL(count(1), 0) from
		(select list.*, ROWNUM as RNUM
		from(
		select *
		from act_book
		where u_email = #{u_email}
		order by b_bday desc
		) list
		)
	</select>

	<!-- 2018-12-26 추가 - 김정휘 -->
	<!-- 예약 취소 -->
	<update id="bookCancle" parameterType="book">
		update act_book
		set
		b_tprice = #{b_tprice},
		b_cday = sysdate
		where b_no = #{b_no}
	</update>


</mapper>
