<?xml version="1.0" encoding="UTF-8"?>
<!DOCTYPE mapper PUBLIC "-//mybatis.org//DTD Mapper 3.0//EN" "http://mybatis.org/dtd/mybatis-3-mapper.dtd">
<mapper
	namespace="com.activillage.manager.seller.dao.ManagerSellerDao">
	<resultMap type="java.util.TreeMap" id="graph" />
	<sql id="sellerCommon">
		SELECT s_no, s_email, s_cname, s_bname, s_phone, s_joinday,
		s_approval, s_withdrawal
		FROM act_seller
		<where>
			<if test="search=='s_cname'">
				<![CDATA[ s_cname LIKE '%'|| #{keyword} ||'%' and ]]>
			</if>
			<if test="search=='s_bname'">
				<![CDATA[ s_bname LIKE '%'|| #{keyword} ||'%' and ]]>
			</if>
			s_withdrawal='N'
		</where>
	</sql>

	<!-- 사업자 전체 조회 -->
	<select id="sellerList" parameterType="seller"
		resultType="seller">
		SELECT s_no, s_email, s_cname, s_bname, s_phone,
		to_char(s_joinday,'YYYY-MM-DD') as s_joinday,
		s_approval, s_withdrawal
		FROM
		( SELECT
		list.*, ROWNUM AS RNUM
		FROM (
		<include refid="sellerCommon"></include>
		<choose>
			<when test="order_by=='s_cname'">
				ORDER BY s_cname
			</when>
			<when test="order_by=='s_joinday'">
				ORDER BY s_joinday
			</when>
		</choose>
		<choose>
			<when test="order_sc=='ASC'">
				ASC
			</when>
			<when test="order_sc=='DESC'">
				DESC
			</when>
		</choose>
		) list
		)
		<where>
			<if test="start_row != null and start_row != ''">
				<if test="end_row != null and end_row != ''">
					RNUM BETWEEN #{start_row} AND #{end_row}
				</if>
			</if>
		</where>
	</select>

	<select id="sellerListCnt" parameterType="seller"
		resultType="int">
		SELECT NVL(count(1), 0) FROM
		( SELECT list.*,
		ROWNUM AS RNUM
		FROM (
		<include refid="sellerCommon"></include>
		ORDER BY s_joinday desc
		) list
		)
	</select>

	<update id="sellerApproval" parameterType="seller">
		update act_seller
		set
		s_approval='Y' where s_email=#{s_email}
	</update>

	<!-- 상품 지역별 개수 조회 -->
	<select id="sellerAreaList" resultMap="graph">

		SELECT COUNT(CASE WHEN
		g_do = '경기도' THEN 1 END) "경기도"
		, COUNT(CASE WHEN g_do = '강원도' THEN 1
		END) "강원도"
		, COUNT(CASE WHEN g_do = '충청도' THEN 1 END) "충청도"
		, COUNT(CASE
		WHEN g_do = '전라도' THEN 1 END) "전라도"
		, COUNT(CASE WHEN g_do = '경상도' THEN
		1 END) "경상도"
		, COUNT(CASE WHEN g_do = '제주도' THEN 1 END) "제주도"
		FROM (
		SELECT g_do
		FROM act_goods
		where g_post='Y'
		)
	</select>

	<!-- 사업자 탈퇴 -->
	<update id="sellerWithdrawal" parameterType="seller">
		update act_seller
		set
		s_withdrawal='Y' where s_email=#{s_email}
	</update>

	<!-- 사업자 강제 탈퇴 -->
	<update id="sellerWithdrawalManager" parameterType="seller">
		update
		act_goods
		set
		g_post='N' where s_email=#{s_email}
	</update>

	<select id="sellerWithdrawalConfirm" parameterType="String"
		resultType="sales">
		select s_cname,c.d as sales,c.e as s_email,s_joinday from
		act_seller,
		(select sum(b_tprice) as d, a.s_email as e from act_book,
		act_goods a
		where act_book.g_name=a.g_name and
		b_bday > sysdate and
		b_cday = '9999-09-09'
		and a.s_email=#{s_email}
		group by a.s_email) c
		where c.e=s_email
	</select>

	<!-- 매출현황 전체 조회 -->
	<sql id="salesCommon">
		select s_cname,c.d as sales,c.e as s_email,s_joinday from act_seller,
		(select sum(b_tprice) as d, a.s_email as e from act_book, act_goods a
		where act_book.g_name=a.g_name and
		to_char(b_bday,'YYYY')=to_char(sysdate,'YYYY') and 
		<![CDATA[ b_bday < sysdate ]]>
		group by a.s_email) c
		where s_email=c.e
	</sql>

	<select id="salesList" parameterType="sales" resultType="sales">
		select s_cname, sales, s_email,s_joinday from
		( SELECT
		list.*, ROWNUM AS
		RNUM
		FROM(
		<include refid="salesCommon"></include>
		<choose>
			<when test="order_by=='sales'">
				ORDER BY sales
			</when>
		</choose>
		<choose>
			<when test="order_sc=='ASC'">
				ASC
			</when>
			<when test="order_sc=='DESC'">
				DESC
			</when>
		</choose>
		) list
		)
		<where>
			<if test="start_row != null and start_row != ''">
				<if test="end_row != null and end_row != ''">
					RNUM BETWEEN #{start_row} AND #{end_row}
				</if>
			</if>
		</where>
	</select>

	<select id="salesListCnt" parameterType="sales" resultType="int">
		SELECT NVL(count(1), 0) FROM
		( SELECT list.*,
		ROWNUM AS RNUM
		FROM (
		<include refid="salesCommon"></include>
		) list
		)
	</select>

	<select id="salesBarList" resultType="book" parameterType="book">
		<if test="keyword != null and keyword != ''">
			select c.g_name as g_name,c.b_tprice as b_tprice from
			act_seller,(
		</if>
		select to_char(b_bday,'YYYY') as g_name, sum(b_tprice) as b_tprice
		<if test="keyword != null and keyword != ''">
			, a.s_email as e
		</if>
		from act_book, act_goods a
		<![CDATA[ where act_book.g_name=a.g_name and b_bday < sysdate ]]>
		group by
		to_char( b_bday,'YYYY')
		<if test="keyword != null and keyword != ''">
			,a.s_email
			) c
			where s_email=c.e
		</if>
		<choose>
			<when test="keyword != null and keyword != ''">
				and s_cname = #{keyword}
				order by c.g_name
			</when>
			<otherwise>
				order by g_name
			</otherwise>
		</choose>
		
	</select>

	<select id="salesMonthBarList" resultType="book"
		parameterType="book">
		select c.g_name as g_name,c.d as b_tprice from act_seller,
		(select
		to_char(
		b_bday,'MM') as g_name, sum(b_tprice) as d,
		a.s_email as e,
		to_char(b_bday,'YYYY') as y
		from act_book, act_goods a
		<![CDATA[ where act_book.g_name=a.g_name and b_bday < sysdate ]]>
		group by
		a.s_email ,to_char( b_bday,'MM'),
		to_char(b_bday,'YYYY')) c
		where s_email=c.e
		<if test="year !=null and year !=''">
			and c.y=#{year}
		</if>
		<choose>
			<when test="keyword != null and keyword != ''">
				and s_cname = #{keyword}
			</when>
		</choose>

	</select>
</mapper>
