<?xml version="1.0" encoding="UTF-8"?>
<!DOCTYPE mapper PUBLIC "-//mybatis.org//DTD Mapper 3.0//EN" "http://mybatis.org/dtd/mybatis-3-mapper.dtd">
<mapper namespace="com.activillage.seller.sales.dao.SellerSalesDao">
	<!-- 상품별 매출통계 12월 28일 추가 -->
	<select id="sellerSalesList" parameterType="sellerSales"
		resultType="sellerSales">
		select s_email, g_name, g_rday, g_sday,
		g_eday, sales from
		(select list.*, ROWNUM AS RNUM from (
		select s_email, g.g_name,
		to_char(g_rday, 'YYYY-MM-DD') as g_rday,
		to_char(g_sday, 'YYYY-MM-DD')
		as g_sday,
		to_char(g_eday, 'YYYY-MM-DD')as g_eday, s.sales
		from
		act_goods g
		,(select G.g_name, nvl(sum(b_tprice),0) as sales
		from
		act_goods G left outer join
		(select b_bday, b_tprice,
		g_name, sum(b_tprice) as sales, to_char(b_cday, 'YYYY-MM-DD') as b_cday 
		from act_book group
		by b_bday, g_name,
		b_tprice, b_cday) A
		on(G.g_name = A.g_name and 
		<![CDATA[ to_char(A.b_bday, 'YYYY-MM-DD') < to_char(sysdate,
		'YYYY-MM-DD') ]]> and A.b_cday = '9999-09-09')
		group by G.g_name) s
		where s.g_name = g.g_name and s_email = #{s_email}
		<choose>
			<when test="order_by=='sales'">
				ORDER BY sales
			</when>
			<when test="order_by=='g_rday'">
				ORDER BY g_rday
			</when>
		</choose>
		<choose>
			<when test="order_sc=='ASC'">
				ASC
			</when>
			<when test="order_sc=='DESC'">
				DESC
			</when>
		</choose>
		)list
		)
		<where>
			<if test="start_row != null and start_row != ''">
				<if test="end_row != null and end_row != ''">
					RNUM BETWEEN #{start_row} AND #{end_row}
				</if>
			</if>
		</where>
	</select>

	<select id="sellerSalesCnt" parameterType="sellerSales"
		resultType="int">
		select NVL(count(1), 0) from
		(select list.*, ROWNUM as RNUM
		FROM (select s_email, g.g_name, to_char(g_rday, 'YYYY-MM-DD') as g_rday,
		to_char(g_sday, 'YYYY-MM-DD') as g_sday,
		to_char(g_eday, 'YYYY-MM-DD') as g_eday, s.sales
		from act_goods g
		,(select G.g_name, nvl(sum(b_tprice),0) as sales
		from act_goods G left outer join
		(select b_bday, b_tprice, g_name,sum(b_tprice) as sales from act_book group
		by b_bday, g_name, b_tprice) A
		on(G.g_name = A.g_name and 
		<![CDATA[to_char(A.b_bday, 'YYYY-MM-DD') < to_char(sysdate,
		'YYYY-MM-DD')]]>)
		group by G.g_name) s
		where s.g_name = g.g_name and s_email = #{s_email} ) list)
	</select>
	
	<!-- 사업자의 모든 상품 매출 -->
	<select id="sellerSalesTotal" parameterType="sellerSales" resultType="String">
	select c.d as sales, c.e as s_email, s_joinday from act_seller,
      (select sum(nvl(b_tprice,0)) as d, a.s_email as e from (select * from
      act_book where <![CDATA[b_bday <sysdate ]]> and b_cday = '9999-09-09' 
      ) act_book
      right outer join act_goods a on act_book.g_name= a.g_name group by
      a.s_email ) c
      where s_email=c.e and s_email= #{s_email}
	</select>

</mapper>