<?xml version="1.0" encoding="UTF-8"?>
<!DOCTYPE tiles-definitions PUBLIC "-//Apache Software Foundation//DTD Tiles Configuration 2.0//EN" "http://tiles.apache.org/dtds/tiles-config_2_0.dtd">

<tiles-definitions>
	<definition name="intro"
		template="/WEB-INF/views/template/user/mainLayout.jsp">
		<put-attribute name="title" value="액티빌리지" />
		<put-attribute name="header"
			value="/WEB-INF/views/template/user/header.jsp" />
		<put-attribute name="footer"
			value="/WEB-INF/views/template/user/footer.jsp" />
	</definition>

	<definition name="content"
		template="/WEB-INF/views/template/user/contentLayout.jsp">
		<put-attribute name="title" value="액티빌리지" />
		<put-attribute name="header"
			value="/WEB-INF/views/template/user/header.jsp" />
		<put-attribute name="body" value="" />
		<put-attribute name="footer"
			value="/WEB-INF/views/template/user/footer.jsp" />
	</definition>
	
	
	
	
	
	
	
	<definition name="menulayout" template="/WEB-INF/views/template/user/menuLayout.jsp">
		<put-attribute name="title" value="액티빌리지" />
		<put-attribute name="header" value="/WEB-INF/views/template/user/header.jsp" />
		<put-attribute name="menu" value="/WEB-INF/views/mypage/user/myPageMenu.jsp"/>
 		<put-attribute name="body" value="" />
		<put-attribute name="footer" value="/WEB-INF/views/template/user/footer.jsp" />	
	</definition>
	
	<definition name="mypage/*/*" extends="menulayout">
		<put-attribute name="title" value="마이페이지"/>
		<put-attribute name="body" value="/WEB-INF/views/mypage/{1}/{2}.jsp"/>
	</definition>
	
		<definition name="goods/*" extends="menulayout">
 		<put-attribute name="body" value="/WEB-INF/views/goods/{1}.jsp" />
	</definition>
	
	
	
	
	
	
	<definition name="login/*" extends="content">
		<put-attribute name="title" value="회원가입" />
		<put-attribute name="body"
			value="/WEB-INF/views/login/{1}.jsp" />
	</definition>
	<definition name="join/*" extends="content">
		<put-attribute name="title" value="회원가입" />
		<put-attribute name="body"
			value="/WEB-INF/views/join/{1}.jsp" />
	</definition>
	<definition name="goodslist/*" extends="content">
		<put-attribute name="title" value="상품리스트" />
		<put-attribute name="body"
			value="/WEB-INF/views/goodslist/{1}.jsp" />
	</definition>
	
	<definition name="book/*" extends="content">
		<put-attribute name="body"
			value="/WEB-INF/views/book/{1}.jsp" />
	</definition>
	<definition name="mypage/*" extends="content">
		<put-attribute name="title" value="마이페이지" />
		<put-attribute name="body"
			value="/WEB-INF/views/mypage/{1}.jsp" />
	</definition>

	<!-- 고객센터 -->
	<definition name="inquiry/*" extends="content">
		<put-attribute name="title" value="1:1문의" />
		<put-attribute name="body"
			value="/WEB-INF/views/inquiry/{1}.jsp" />
	</definition>
	<definition name="notice/*" extends="content">
		<put-attribute name="title" value="공지사항" />
		<put-attribute name="body"
			value="/WEB-INF/views/notice/{1}.jsp" />
	</definition>

</tiles-definitions>
